scenario_id,delay_ms,bw_mbps,num_pods,num_clients,cpu_m,mem_Mi,net_rx_KBps,net_tx_KBps,avg_latency_s,n_720_z1,n_1080_z1,n_4k_z1,n_720_z2,n_1080_z2,n_4k_z2,n_720_z3,n_1080_z3,n_4k_z3,n_sw_z1,n_sw_z2,n_sw_z3,total_stall,start_time,res_term_z1,res_term_z2,res_term_z3,sw_term_z1,sw_term_z2,sw_term_z3,stall_term,QoE
cpu_scaling,0,1000,1,10,189,47,108,2982,0.38581036093287135,0.0,0.0,11.1,8.8,0.8,88.0,46.8,7.8,421.2,1.2,1.4,1.5,51.9229151,0.00016020000000000002,5.0,4.675205738705738,4.643716849816849,0.10030525030525031,0.11141636141636142,0.11808302808302809,0.8653819183333333,1.0732764735842495
cpu_scaling,0,1000,2,10,170,33,88,2121,0.18089437757194132,0.0,0.0,19.4,8.0,0.0,155.2,39.0,0.0,756.6,1.0,1.0,1.0,42.5344507,7.4e-05,5.0,4.831081718122032,4.831081718122032,0.05072621077416474,0.05072621077416474,0.05072621077416474,0.7089075116666665,1.8499778044957782
cpu_scaling,0,1000,3,10,165,29,77,2119,0.12527303819473334,0.0,0.0,26.6,8.0,0.0,212.8,39.0,0.0,1037.4,1.0,1.0,1.0,35.384557400000006,6.35e-05,5.0,4.875939720853857,4.875939720853857,0.03725533908292529,0.03725533908292529,0.03725533908292529,0.5897426233333334,2.3893602468398987
cpu_scaling,0,1000,4,10,165,28,66,1681,0.0907124975771355,0.0,0.0,34.1,8.0,0.0,272.8,39.0,0.0,1329.9,1.0,1.0,1.0,27.071779,6.319999999999999e-05,5.0,4.903247714232481,4.9032477142324815,0.029054740470726443,0.029054740470726443,0.029054740470726443,0.45119631666666676,3.001503652132351
cpu_scaling,0,1000,5,10,155,27,71,1759,0.07312538274209142,0.0,0.0,40.1,8.0,0.0,320.8,39.0,0.0,1563.9,1.0,1.0,1.0,20.727000299999997,6.46e-05,5.0,4.9176310612986684,4.917631061298669,0.024735417027426772,0.024735417027426772,0.024735417027426772,0.345450005,3.4648410998621735
cpu_scaling,0,1000,6,10,151,27,73,1882,0.06272074671617546,0.0,0.0,47.6,8.0,0.0,380.8,39.0,0.0,1856.4,1.0,1.0,1.0,13.052533200000003,6.07e-05,5.0,4.930127071691229,4.930127071691229,0.02098286135398526,0.02098286135398526,0.02098286135398526,0.21754221999999998,4.022362704153383
cpu_scaling,0,1000,7,10,147,27,69,1606,0.0533318608931453,0.0,0.0,54.1,8.0,0.0,432.8,39.0,0.0,2109.9,1.0,1.0,1.0,8.495475600000002,6.0799999999999994e-05,5.0,4.938610703123146,4.938610703123146,0.018435224287343396,0.018435224287343396,0.018435224287343396,0.14159126000000002,4.3540441286496
cpu_scaling,0,1000,8,10,146,27,63,1532,0.04243791546992193,0.0,0.0,64.0,8.0,0.0,512.0,39.0,0.0,2496.0,1.0,1.0,1.0,2.5168278,0.00021559999999999998,5.0,4.9484930596312,4.9484930596312,0.015467549660300256,0.015467549660300256,0.015467549660300256,0.04194713000000001,4.787780629229059
cpu_scaling,0,1000,9,10,128,28,67,1685,0.034501823495175554,0.0,0.0,69.8,8.0,0.0,558.4,39.0,0.0,2722.2,1.0,1.0,1.0,0.9048075000000001,5.73e-05,5.0,4.952855563642258,4.952855563642258,0.014157488395718287,0.014157488395718287,0.014157488395718287,0.015080125,4.906608253196959
cpu_scaling,0,1000,10,10,136,28,63,1341,0.02937634639472341,0.0,0.0,76.1,8.0,0.0,608.8,39.0,0.0,2967.9,1.0,1.0,1.0,0.4522259,6.11e-05,5.0,4.9566890944354,4.9566890944354,0.013006277947327186,0.013006277947327186,0.013006277947327186,0.007537098333333334,4.941328197549959
latency_test,10,1000,10,10,132,30,66,1521,0.034007469411243524,0.0,0.8,72.2,45.6,15.2,558.4,312.0,54.6,2652.0,2.7,2.9,1.9,0.4318531,6.289999999999998e-05,4.982797335878875,4.7148228324678225,4.6273753518449245,0.03445948322968691,0.03707567768208204,0.024703291223331224,0.007197551666666667,4.828433191707072
latency_test,20,1000,10,10,127,33,59,986,0.04546476629742137,0.0,1.2,55.7,133.3,27.4,408.1,962.8,355.4,1454.7,4.8,7.1,6.9,1.9538375,6.699999999999999e-05,4.96530342825872,4.134264182699324,3.631245109179717,0.06506508842079937,0.09438306903130247,0.09629427320081707,0.03256395833333333,4.451325023384705
latency_test,30,1000,10,10,124,35,51,594,0.05646635488585563,0.0,2.8,30.4,308.5,58.8,146.3,1887.5,185.7,430.6,11.4,9.0,5.1,4.0543869,6.039999999999999e-05,4.848109699735561,2.8332393563363247,2.396803951706548,0.17848488659228096,0.13795368355408746,0.08340240268108953,0.06757311499999999,3.7483105441592897
latency_test,40,1000,10,10,107,38,46,380,0.06902212314973849,0.0,2.7,12.6,375.1,27.5,63.0,2034.8,178.3,56.7,7.1,3.8,3.1,6.6627000999999995,6.36e-05,4.21258115000941,2.1865392532312953,1.8772204121186136,0.11044051034893432,0.058627698250958774,0.052890681951752415,0.11104500166666667,3.00174674460842
latency_test,50,1000,10,10,93,40,40,281,0.080177968410224,0.0,1.2,7.7,376.8,16.8,24.8,1934.4,97.5,7.8,4.4,2.2,0.9,10.727186,7.130000000000003e-05,4.295545490620491,1.929902040009972,1.7607463245600983,0.07948141629321334,0.04042173870065321,0.016755312623173764,0.17878643333333333,2.734451760151317
latency_test,60,1000,10,10,83,41,36,248,0.09328452616096987,0.0,0.6,3.5,348.0,14.4,3.2,1782.3,0.0,0.0,2.5,2.2,0.0,16.3658652,6.32e-05,3.724576515151515,1.7535374999999997,1.67,0.057374147724766913,0.04263888888888888,0.0,0.27276442,1.9030626134209458
latency_test,70,1000,10,10,77,42,31,218,0.10712830246786831,0.0,0.6,0.7,322.4,3.2,0.0,1587.3,0.0,0.0,1.1,0.3,0.0,21.4839675,6.19e-05,1.2550666666666668,1.6835510204081632,1.67,0.02176110814125342,0.006122448979591836,0.0,0.358066125,-0.1741509022464965
latency_test,80,1000,10,10,70,42,27,184,0.12100873822668243,0.0,0.1,0.0,287.2,0.0,0.0,1400.1,0.0,0.0,0.2,0.0,0.0,25.7331011,5.67e-05,0.333,1.67,1.67,0.0038461538461538464,0.0,0.0,0.42888501833333337,-1.1130416965256411
latency_test,90,1000,10,10,60,42,24,163,0.1349794657834233,0.0,0.0,0.0,259.2,0.0,0.0,1263.6,0.0,0.0,0.0,0.0,0.0,29.711762699999998,7.070000000000001e-05,0.0,1.67,1.67,0.0,0.0,0.0,0.495196045,-1.6286470034999998
latency_test,100,1000,10,10,58,43,22,147,0.14924292251733268,0.0,0.0,0.1,235.2,0.0,0.0,1146.6,0.0,0.0,0.1,0.0,0.0,32.6789353,6.319999999999999e-05,0.5,1.67,1.67,0.002325581395348837,0.0,0.0,0.5446489216666666,-1.4928900301434112
bw_test,0,500,10,10,129,43,64,1465,0.027861149380873345,0.0,0.0,77.4,8.0,0.0,619.2,39.0,0.0,3018.6,1.0,1.0,1.0,0.46672640000000004,5.67e-05,5.0,4.957467333283515,4.957467333283514,0.012772572587533296,0.012772572587533296,0.012772572587533296,0.007778773333333334,4.940775092064187
bw_test,0,400,10,10,137,43,67,1456,0.028070659817458286,0.0,0.0,77.3,8.0,0.0,618.4,39.0,0.0,3014.7,1.0,1.0,1.0,0.2604708,5.780000000000001e-05,5.0,4.957374287953372,4.957374287953372,0.012800514128116735,0.012800514128116735,0.012800514128116735,0.00434118,4.955496158257894
bw_test,0,300,10,10,126,44,72,1927,0.02529287493283857,0.0,0.0,82.4,8.0,0.0,659.2,39.0,0.0,3213.6,1.0,1.0,1.0,0.05293289999999999,0.00011800000000000001,5.0,4.960047656697559,4.960047656697558,0.011997700691424047,0.011997700691424047,0.011997700691424047,0.0008822149999999999,4.971715671817843
bw_test,0,200,10,10,126,44,68,1641,0.027921507958801578,0.0,0.0,79.3,8.0,0.0,634.4,39.0,11.7,3081.0,1.0,1.0,1.6,0.024377100000000002,5.9999999999999995e-05,5.0,4.958456606171605,4.952138546607713,0.012475493642160308,0.012475493642160308,0.020042032042032042,0.000406285,4.971668002912944
bw_test,0,150,10,10,132,45,75,1832,0.028503404005239145,0.0,0.0,80.2,10.4,0.0,640.8,50.7,3.9,3120.0,1.2,1.4,1.6,0.0931465,5.919999999999999e-05,5.0,4.94761520416192,4.94552770416192,0.014594806284981618,0.01686753355770889,0.019367533557708892,0.0015524416666666666,4.9616191276151085
bw_test,0,100,10,10,128,45,78,1611,0.030043615260182253,0.0,0.0,80.0,8.0,1.6,638.4,58.5,39.0,3061.5,1.0,1.4,3.1,0.1364149,0.00033089999999999997,5.0,4.954636666080833,4.9180113137311325,0.012397809004859248,0.017282395750950093,0.038125179717978366,0.002273581666666667,4.955581729997223
bw_test,0,50,10,10,111,45,70,1173,0.05490519883512564,0.0,0.4,59.5,48.8,26.4,441.6,483.6,331.5,1704.3,6.7,11.0,19.6,3.701777800000001,8.789999999999998e-05,4.989874136586453,4.636321780897999,4.201578167312066,0.09447644873146537,0.1543610504594805,0.29373567590304706,0.061696296666666664,4.448282731060429
bw_test,0,25,10,10,101,46,49,534,0.06807064971266566,0.0,2.2,33.5,210.2,51.0,200.4,1446.1,338.7,465.5,18.8,21.2,20.6,7.2536097,0.0001685,4.892202109427248,3.457133959298875,2.780685176661834,0.2951643650772002,0.33927790595549207,0.36395416801318403,0.12089349499999999,3.562604154078575
bw_test,0,10,10,10,79,47,34,227,0.10372301654253482,0.0,0.8,5.7,313.6,16.8,11.2,1641.9,23.4,0.0,8.5,5.1,0.8,19.1999657,5.86e-05,4.805431746031745,1.8919461673528684,1.7106631855500818,0.2144079626468304,0.12569128842808036,0.026769567597153803,0.31999942833333334,2.359107464116358
